--------------------------------------------------------
-- Archivo creado  - miércoles-diciembre-20-2017   
--------------------------------------------------------
--------------------------------------------------------
--  DDL for Table ALUMNO
--------------------------------------------------------

  CREATE TABLE "LEONARDO_ALONSO"."ALUMNO" 
   (	"IDALUMNO" NUMBER(*,0), 
	"NOMBRE_ALUMNO" VARCHAR2(50 BYTE), 
	"APELLIDO_P_ALUMNO" VARCHAR2(50 BYTE), 
	"APELLIDO_M_ALUMNO" VARCHAR2(50 BYTE), 
	"FECHA_NACIMIENTO" DATE, 
	"SEMESTRE" NUMBER(*,0), 
	"PROMEDIO" FLOAT(126), 
	"CARRERA_IDCARRERA" NUMBER(*,0), 
	"USUARIO_IDUSUARIO" NUMBER(*,0), 
	"PAGO_IDPAGO" NUMBER(*,0), 
	"COBRO_IDCOBRO" NUMBER(*,0)
   ) SEGMENT CREATION IMMEDIATE 
  PCTFREE 10 PCTUSED 40 INITRANS 1 MAXTRANS 255 NOCOMPRESS LOGGING
  STORAGE(INITIAL 65536 NEXT 1048576 MINEXTENTS 1 MAXEXTENTS 2147483645
  PCTINCREASE 0 FREELISTS 1 FREELIST GROUPS 1 BUFFER_POOL DEFAULT FLASH_CACHE DEFAULT CELL_FLASH_CACHE DEFAULT)
  TABLESPACE "WORKS_CU" ;
--------------------------------------------------------
--  DDL for Table ALUMNO_OPERACION
--------------------------------------------------------

  CREATE TABLE "LEONARDO_ALONSO"."ALUMNO_OPERACION" 
   (	"ID_ALUMNO_OPERACION" NUMBER(*,0), 
	"ALUMNO_IDALUMNO" NUMBER(*,0), 
	"OPERACION_IDOPERACION" NUMBER(*,0), 
	"ARCHIVO_IDARCHIVO" NUMBER
   ) SEGMENT CREATION IMMEDIATE 
  PCTFREE 10 PCTUSED 40 INITRANS 1 MAXTRANS 255 NOCOMPRESS LOGGING
  STORAGE(INITIAL 65536 NEXT 1048576 MINEXTENTS 1 MAXEXTENTS 2147483645
  PCTINCREASE 0 FREELISTS 1 FREELIST GROUPS 1 BUFFER_POOL DEFAULT FLASH_CACHE DEFAULT CELL_FLASH_CACHE DEFAULT)
  TABLESPACE "WORKS_CU" ;
--------------------------------------------------------
--  DDL for Table ARCHIVO
--------------------------------------------------------

  CREATE TABLE "LEONARDO_ALONSO"."ARCHIVO" 
   (	"IDARCHIVO" NUMBER(*,0), 
	"NOMBRE_ARCHIVO" VARCHAR2(50 BYTE), 
	"FORMATO_ARCHIVO" VARCHAR2(50 BYTE), 
	"COSTO" NUMBER(*,0), 
	"CALIFICACION" FLOAT(126), 
	"NUM_DESCARGAS" NUMBER(*,0), 
	"PUNTAJE" NUMBER(*,0), 
	"ALUMNO_IDALUMNO" NUMBER(*,0), 
	"CLASE_IDCLASE" NUMBER(*,0), 
	"RUTA_ARCHIVO" VARCHAR2(200 BYTE), 
	"DESCRPCION" VARCHAR2(255 BYTE)
   ) SEGMENT CREATION IMMEDIATE 
  PCTFREE 10 PCTUSED 40 INITRANS 1 MAXTRANS 255 NOCOMPRESS LOGGING
  STORAGE(INITIAL 65536 NEXT 1048576 MINEXTENTS 1 MAXEXTENTS 2147483645
  PCTINCREASE 0 FREELISTS 1 FREELIST GROUPS 1 BUFFER_POOL DEFAULT FLASH_CACHE DEFAULT CELL_FLASH_CACHE DEFAULT)
  TABLESPACE "WORKS_CU" ;
--------------------------------------------------------
--  DDL for Table CARRERA
--------------------------------------------------------

  CREATE TABLE "LEONARDO_ALONSO"."CARRERA" 
   (	"IDCARRERA" NUMBER(*,0), 
	"NOMBRE_CARRERA" VARCHAR2(50 BYTE)
   ) SEGMENT CREATION IMMEDIATE 
  PCTFREE 10 PCTUSED 40 INITRANS 1 MAXTRANS 255 NOCOMPRESS LOGGING
  STORAGE(INITIAL 65536 NEXT 1048576 MINEXTENTS 1 MAXEXTENTS 2147483645
  PCTINCREASE 0 FREELISTS 1 FREELIST GROUPS 1 BUFFER_POOL DEFAULT FLASH_CACHE DEFAULT CELL_FLASH_CACHE DEFAULT)
  TABLESPACE "WORKS_CU" ;
--------------------------------------------------------
--  DDL for Table CLASE
--------------------------------------------------------

  CREATE TABLE "LEONARDO_ALONSO"."CLASE" 
   (	"ID_CLASE" NUMBER(*,0), 
	"MAESTRO_IDMAESTRO" NUMBER(*,0), 
	"MATERIA_IDMATERIA" NUMBER(*,0), 
	"CARRERA_IDCARRERA" NUMBER(*,0)
   ) SEGMENT CREATION IMMEDIATE 
  PCTFREE 10 PCTUSED 40 INITRANS 1 MAXTRANS 255 NOCOMPRESS LOGGING
  STORAGE(INITIAL 65536 NEXT 1048576 MINEXTENTS 1 MAXEXTENTS 2147483645
  PCTINCREASE 0 FREELISTS 1 FREELIST GROUPS 1 BUFFER_POOL DEFAULT FLASH_CACHE DEFAULT CELL_FLASH_CACHE DEFAULT)
  TABLESPACE "WORKS_CU" ;
--------------------------------------------------------
--  DDL for Table COBRO
--------------------------------------------------------

  CREATE TABLE "LEONARDO_ALONSO"."COBRO" 
   (	"IDCOBRO" NUMBER(*,0), 
	"NOMBRE_METODO" VARCHAR2(50 BYTE)
   ) SEGMENT CREATION IMMEDIATE 
  PCTFREE 10 PCTUSED 40 INITRANS 1 MAXTRANS 255 NOCOMPRESS LOGGING
  STORAGE(INITIAL 65536 NEXT 1048576 MINEXTENTS 1 MAXEXTENTS 2147483645
  PCTINCREASE 0 FREELISTS 1 FREELIST GROUPS 1 BUFFER_POOL DEFAULT FLASH_CACHE DEFAULT CELL_FLASH_CACHE DEFAULT)
  TABLESPACE "WORKS_CU" ;
--------------------------------------------------------
--  DDL for Table MAESTRO
--------------------------------------------------------

  CREATE TABLE "LEONARDO_ALONSO"."MAESTRO" 
   (	"IDMAESTRO" NUMBER(*,0), 
	"NOMBRE_MAESTRO" VARCHAR2(50 BYTE), 
	"APELLIDO_P_MAESTRO" VARCHAR2(50 BYTE), 
	"APELLIDO_M_MAESTRO" VARCHAR2(50 BYTE)
   ) SEGMENT CREATION IMMEDIATE 
  PCTFREE 10 PCTUSED 40 INITRANS 1 MAXTRANS 255 NOCOMPRESS LOGGING
  STORAGE(INITIAL 65536 NEXT 1048576 MINEXTENTS 1 MAXEXTENTS 2147483645
  PCTINCREASE 0 FREELISTS 1 FREELIST GROUPS 1 BUFFER_POOL DEFAULT FLASH_CACHE DEFAULT CELL_FLASH_CACHE DEFAULT)
  TABLESPACE "WORKS_CU" ;
--------------------------------------------------------
--  DDL for Table MATERIA
--------------------------------------------------------

  CREATE TABLE "LEONARDO_ALONSO"."MATERIA" 
   (	"IDMATERIA" NUMBER(*,0), 
	"NOMBRE_MATERIA" VARCHAR2(50 BYTE)
   ) SEGMENT CREATION IMMEDIATE 
  PCTFREE 10 PCTUSED 40 INITRANS 1 MAXTRANS 255 NOCOMPRESS LOGGING
  STORAGE(INITIAL 65536 NEXT 1048576 MINEXTENTS 1 MAXEXTENTS 2147483645
  PCTINCREASE 0 FREELISTS 1 FREELIST GROUPS 1 BUFFER_POOL DEFAULT FLASH_CACHE DEFAULT CELL_FLASH_CACHE DEFAULT)
  TABLESPACE "WORKS_CU" ;
--------------------------------------------------------
--  DDL for Table OPERACION
--------------------------------------------------------

  CREATE TABLE "LEONARDO_ALONSO"."OPERACION" 
   (	"IDOPERACION" NUMBER(*,0), 
	"NOMBRE_OPERACION" VARCHAR2(50 BYTE)
   ) SEGMENT CREATION IMMEDIATE 
  PCTFREE 10 PCTUSED 40 INITRANS 1 MAXTRANS 255 NOCOMPRESS LOGGING
  STORAGE(INITIAL 65536 NEXT 1048576 MINEXTENTS 1 MAXEXTENTS 2147483645
  PCTINCREASE 0 FREELISTS 1 FREELIST GROUPS 1 BUFFER_POOL DEFAULT FLASH_CACHE DEFAULT CELL_FLASH_CACHE DEFAULT)
  TABLESPACE "WORKS_CU" ;
--------------------------------------------------------
--  DDL for Table PAGO
--------------------------------------------------------

  CREATE TABLE "LEONARDO_ALONSO"."PAGO" 
   (	"IDPAGO" NUMBER(*,0), 
	"NOMBRE_METODO" VARCHAR2(50 BYTE)
   ) SEGMENT CREATION IMMEDIATE 
  PCTFREE 10 PCTUSED 40 INITRANS 1 MAXTRANS 255 NOCOMPRESS LOGGING
  STORAGE(INITIAL 65536 NEXT 1048576 MINEXTENTS 1 MAXEXTENTS 2147483645
  PCTINCREASE 0 FREELISTS 1 FREELIST GROUPS 1 BUFFER_POOL DEFAULT FLASH_CACHE DEFAULT CELL_FLASH_CACHE DEFAULT)
  TABLESPACE "WORKS_CU" ;
--------------------------------------------------------
--  DDL for Table USUARIO
--------------------------------------------------------

  CREATE TABLE "LEONARDO_ALONSO"."USUARIO" 
   (	"IDUSUARIO" NUMBER(*,0), 
	"CORREO" VARCHAR2(50 BYTE), 
	"PASSWORD" VARCHAR2(50 BYTE)
   ) SEGMENT CREATION IMMEDIATE 
  PCTFREE 10 PCTUSED 40 INITRANS 1 MAXTRANS 255 NOCOMPRESS LOGGING
  STORAGE(INITIAL 65536 NEXT 1048576 MINEXTENTS 1 MAXEXTENTS 2147483645
  PCTINCREASE 0 FREELISTS 1 FREELIST GROUPS 1 BUFFER_POOL DEFAULT FLASH_CACHE DEFAULT CELL_FLASH_CACHE DEFAULT)
  TABLESPACE "WORKS_CU" ;
REM INSERTING into LEONARDO_ALONSO.ALUMNO
SET DEFINE OFF;
Insert into LEONARDO_ALONSO.ALUMNO (IDALUMNO,NOMBRE_ALUMNO,APELLIDO_P_ALUMNO,APELLIDO_M_ALUMNO,FECHA_NACIMIENTO,SEMESTRE,PROMEDIO,CARRERA_IDCARRERA,USUARIO_IDUSUARIO,PAGO_IDPAGO,COBRO_IDCOBRO) values ('1','LEONARDO DAVID','ALONSO SOSA','SOSA',to_date('06/01/95','DD/MM/RR'),'7','9','1','1','3','3');
Insert into LEONARDO_ALONSO.ALUMNO (IDALUMNO,NOMBRE_ALUMNO,APELLIDO_P_ALUMNO,APELLIDO_M_ALUMNO,FECHA_NACIMIENTO,SEMESTRE,PROMEDIO,CARRERA_IDCARRERA,USUARIO_IDUSUARIO,PAGO_IDPAGO,COBRO_IDCOBRO) values ('2','NAYELI','VASQUEZ','BARRIOS',to_date('07/03/95','DD/MM/RR'),'7','8,5','1','2','2','2');
Insert into LEONARDO_ALONSO.ALUMNO (IDALUMNO,NOMBRE_ALUMNO,APELLIDO_P_ALUMNO,APELLIDO_M_ALUMNO,FECHA_NACIMIENTO,SEMESTRE,PROMEDIO,CARRERA_IDCARRERA,USUARIO_IDUSUARIO,PAGO_IDPAGO,COBRO_IDCOBRO) values ('3','CESAR','MARIN','CHAVES',to_date('10/07/95','DD/MM/RR'),'7','8,66','1','3','1','2');
Insert into LEONARDO_ALONSO.ALUMNO (IDALUMNO,NOMBRE_ALUMNO,APELLIDO_P_ALUMNO,APELLIDO_M_ALUMNO,FECHA_NACIMIENTO,SEMESTRE,PROMEDIO,CARRERA_IDCARRERA,USUARIO_IDUSUARIO,PAGO_IDPAGO,COBRO_IDCOBRO) values ('4','EDSON','VAZQUEZ','GIJON',to_date('07/12/95','DD/MM/RR'),'7','8,36','1','4','4','2');
Insert into LEONARDO_ALONSO.ALUMNO (IDALUMNO,NOMBRE_ALUMNO,APELLIDO_P_ALUMNO,APELLIDO_M_ALUMNO,FECHA_NACIMIENTO,SEMESTRE,PROMEDIO,CARRERA_IDCARRERA,USUARIO_IDUSUARIO,PAGO_IDPAGO,COBRO_IDCOBRO) values ('5','ale','alonso',null,to_date('30/01/95','DD/MM/RR'),'7','9,1','2','5','1','1');
Insert into LEONARDO_ALONSO.ALUMNO (IDALUMNO,NOMBRE_ALUMNO,APELLIDO_P_ALUMNO,APELLIDO_M_ALUMNO,FECHA_NACIMIENTO,SEMESTRE,PROMEDIO,CARRERA_IDCARRERA,USUARIO_IDUSUARIO,PAGO_IDPAGO,COBRO_IDCOBRO) values ('6','jessica','guerra',null,to_date('13/01/94','DD/MM/RR'),'8','9','3','6','2','1');
REM INSERTING into LEONARDO_ALONSO.ALUMNO_OPERACION
SET DEFINE OFF;
Insert into LEONARDO_ALONSO.ALUMNO_OPERACION (ID_ALUMNO_OPERACION,ALUMNO_IDALUMNO,OPERACION_IDOPERACION,ARCHIVO_IDARCHIVO) values ('6','1','1','8');
Insert into LEONARDO_ALONSO.ALUMNO_OPERACION (ID_ALUMNO_OPERACION,ALUMNO_IDALUMNO,OPERACION_IDOPERACION,ARCHIVO_IDARCHIVO) values ('3','1','1','3');
Insert into LEONARDO_ALONSO.ALUMNO_OPERACION (ID_ALUMNO_OPERACION,ALUMNO_IDALUMNO,OPERACION_IDOPERACION,ARCHIVO_IDARCHIVO) values ('1','1','1','1');
Insert into LEONARDO_ALONSO.ALUMNO_OPERACION (ID_ALUMNO_OPERACION,ALUMNO_IDALUMNO,OPERACION_IDOPERACION,ARCHIVO_IDARCHIVO) values ('2','1','1','2');
Insert into LEONARDO_ALONSO.ALUMNO_OPERACION (ID_ALUMNO_OPERACION,ALUMNO_IDALUMNO,OPERACION_IDOPERACION,ARCHIVO_IDARCHIVO) values ('4','1','1','5');
Insert into LEONARDO_ALONSO.ALUMNO_OPERACION (ID_ALUMNO_OPERACION,ALUMNO_IDALUMNO,OPERACION_IDOPERACION,ARCHIVO_IDARCHIVO) values ('5','1','1','7');
Insert into LEONARDO_ALONSO.ALUMNO_OPERACION (ID_ALUMNO_OPERACION,ALUMNO_IDALUMNO,OPERACION_IDOPERACION,ARCHIVO_IDARCHIVO) values ('7','2','1','9');
REM INSERTING into LEONARDO_ALONSO.ARCHIVO
SET DEFINE OFF;
Insert into LEONARDO_ALONSO.ARCHIVO (IDARCHIVO,NOMBRE_ARCHIVO,FORMATO_ARCHIVO,COSTO,CALIFICACION,NUM_DESCARGAS,PUNTAJE,ALUMNO_IDALUMNO,CLASE_IDCLASE,RUTA_ARCHIVO,DESCRPCION) values ('4','REPORTES FISICA','.PDF','100','10','5','4','2','2','C:/','REPORTES DE PRACTICA DE FISICA');
Insert into LEONARDO_ALONSO.ARCHIVO (IDARCHIVO,NOMBRE_ARCHIVO,FORMATO_ARCHIVO,COSTO,CALIFICACION,NUM_DESCARGAS,PUNTAJE,ALUMNO_IDALUMNO,CLASE_IDCLASE,RUTA_ARCHIVO,DESCRPCION) values ('6','Proyecto Modulacion','.java','100','9','3','4','3','3','c:/','Proyecto final de modulacion digital ');
Insert into LEONARDO_ALONSO.ARCHIVO (IDARCHIVO,NOMBRE_ARCHIVO,FORMATO_ARCHIVO,COSTO,CALIFICACION,NUM_DESCARGAS,PUNTAJE,ALUMNO_IDALUMNO,CLASE_IDCLASE,RUTA_ARCHIVO,DESCRPCION) values ('8','Practicario de quimica','.docx','150','10','1','1','1','1','c:/','Todas las practicas de quimica');
Insert into LEONARDO_ALONSO.ARCHIVO (IDARCHIVO,NOMBRE_ARCHIVO,FORMATO_ARCHIVO,COSTO,CALIFICACION,NUM_DESCARGAS,PUNTAJE,ALUMNO_IDALUMNO,CLASE_IDCLASE,RUTA_ARCHIVO,DESCRPCION) values ('1','practicas fisica','.docx','100','9','3','3','1','2','c:/','practicas de la materia de fisica');
Insert into LEONARDO_ALONSO.ARCHIVO (IDARCHIVO,NOMBRE_ARCHIVO,FORMATO_ARCHIVO,COSTO,CALIFICACION,NUM_DESCARGAS,PUNTAJE,ALUMNO_IDALUMNO,CLASE_IDCLASE,RUTA_ARCHIVO,DESCRPCION) values ('3','problemario calculo','.pdf','50','7','1','2','1','3','c:/',null);
Insert into LEONARDO_ALONSO.ARCHIVO (IDARCHIVO,NOMBRE_ARCHIVO,FORMATO_ARCHIVO,COSTO,CALIFICACION,NUM_DESCARGAS,PUNTAJE,ALUMNO_IDALUMNO,CLASE_IDCLASE,RUTA_ARCHIVO,DESCRPCION) values ('5','Proyecto Programacion','.cpp','200','10','1','3','1','2','c:/','Proyecto de final de semestre');
Insert into LEONARDO_ALONSO.ARCHIVO (IDARCHIVO,NOMBRE_ARCHIVO,FORMATO_ARCHIVO,COSTO,CALIFICACION,NUM_DESCARGAS,PUNTAJE,ALUMNO_IDALUMNO,CLASE_IDCLASE,RUTA_ARCHIVO,DESCRPCION) values ('7','Proyecto base de datos','.java','150','10','1','1','1','2','c:/','Proyecto de la materia bases de datos');
Insert into LEONARDO_ALONSO.ARCHIVO (IDARCHIVO,NOMBRE_ARCHIVO,FORMATO_ARCHIVO,COSTO,CALIFICACION,NUM_DESCARGAS,PUNTAJE,ALUMNO_IDALUMNO,CLASE_IDCLASE,RUTA_ARCHIVO,DESCRPCION) values ('2','practicas programacion','.docx','150','9','3','2','1','1','c:/','reportes de practicas ');
Insert into LEONARDO_ALONSO.ARCHIVO (IDARCHIVO,NOMBRE_ARCHIVO,FORMATO_ARCHIVO,COSTO,CALIFICACION,NUM_DESCARGAS,PUNTAJE,ALUMNO_IDALUMNO,CLASE_IDCLASE,RUTA_ARCHIVO,DESCRPCION) values ('9','Diagrama de circuitos logicos','.docx','130','10','1','0','2','3','c:/proyectos','Diagrama de circuitos logicos basicos');
REM INSERTING into LEONARDO_ALONSO.CARRERA
SET DEFINE OFF;
Insert into LEONARDO_ALONSO.CARRERA (IDCARRERA,NOMBRE_CARRERA) values ('1','IC');
Insert into LEONARDO_ALONSO.CARRERA (IDCARRERA,NOMBRE_CARRERA) values ('2','ICE');
Insert into LEONARDO_ALONSO.CARRERA (IDCARRERA,NOMBRE_CARRERA) values ('3','IM');
Insert into LEONARDO_ALONSO.CARRERA (IDCARRERA,NOMBRE_CARRERA) values ('4','ISISA');
REM INSERTING into LEONARDO_ALONSO.CLASE
SET DEFINE OFF;
Insert into LEONARDO_ALONSO.CLASE (ID_CLASE,MAESTRO_IDMAESTRO,MATERIA_IDMATERIA,CARRERA_IDCARRERA) values ('6','3','5','3');
Insert into LEONARDO_ALONSO.CLASE (ID_CLASE,MAESTRO_IDMAESTRO,MATERIA_IDMATERIA,CARRERA_IDCARRERA) values ('9','9','40','1');
Insert into LEONARDO_ALONSO.CLASE (ID_CLASE,MAESTRO_IDMAESTRO,MATERIA_IDMATERIA,CARRERA_IDCARRERA) values ('10','3','15','2');
Insert into LEONARDO_ALONSO.CLASE (ID_CLASE,MAESTRO_IDMAESTRO,MATERIA_IDMATERIA,CARRERA_IDCARRERA) values ('1','6','1','1');
Insert into LEONARDO_ALONSO.CLASE (ID_CLASE,MAESTRO_IDMAESTRO,MATERIA_IDMATERIA,CARRERA_IDCARRERA) values ('2','3','4','1');
Insert into LEONARDO_ALONSO.CLASE (ID_CLASE,MAESTRO_IDMAESTRO,MATERIA_IDMATERIA,CARRERA_IDCARRERA) values ('3','1','2','2');
Insert into LEONARDO_ALONSO.CLASE (ID_CLASE,MAESTRO_IDMAESTRO,MATERIA_IDMATERIA,CARRERA_IDCARRERA) values ('4','6','7','2');
Insert into LEONARDO_ALONSO.CLASE (ID_CLASE,MAESTRO_IDMAESTRO,MATERIA_IDMATERIA,CARRERA_IDCARRERA) values ('5','5','4','1');
Insert into LEONARDO_ALONSO.CLASE (ID_CLASE,MAESTRO_IDMAESTRO,MATERIA_IDMATERIA,CARRERA_IDCARRERA) values ('7','5','4','3');
Insert into LEONARDO_ALONSO.CLASE (ID_CLASE,MAESTRO_IDMAESTRO,MATERIA_IDMATERIA,CARRERA_IDCARRERA) values ('8','6','1','1');
REM INSERTING into LEONARDO_ALONSO.COBRO
SET DEFINE OFF;
Insert into LEONARDO_ALONSO.COBRO (IDCOBRO,NOMBRE_METODO) values ('1','DEBITO');
Insert into LEONARDO_ALONSO.COBRO (IDCOBRO,NOMBRE_METODO) values ('2','CREDITO');
Insert into LEONARDO_ALONSO.COBRO (IDCOBRO,NOMBRE_METODO) values ('3','PAYPAL');
Insert into LEONARDO_ALONSO.COBRO (IDCOBRO,NOMBRE_METODO) values ('4','DEPOSITO');
REM INSERTING into LEONARDO_ALONSO.MAESTRO
SET DEFINE OFF;
Insert into LEONARDO_ALONSO.MAESTRO (IDMAESTRO,NOMBRE_MAESTRO,APELLIDO_P_MAESTRO,APELLIDO_M_MAESTRO) values ('1','PEDRO','MORALES','VERGARA');
Insert into LEONARDO_ALONSO.MAESTRO (IDMAESTRO,NOMBRE_MAESTRO,APELLIDO_P_MAESTRO,APELLIDO_M_MAESTRO) values ('2','XOCHITL','CABRERA','RIVAS');
Insert into LEONARDO_ALONSO.MAESTRO (IDMAESTRO,NOMBRE_MAESTRO,APELLIDO_P_MAESTRO,APELLIDO_M_MAESTRO) values ('3','IRENE','CUBILLOS','ISLAS');
Insert into LEONARDO_ALONSO.MAESTRO (IDMAESTRO,NOMBRE_MAESTRO,APELLIDO_P_MAESTRO,APELLIDO_M_MAESTRO) values ('4','MARTHA ELVIA','SALAZAR','GALVAN');
Insert into LEONARDO_ALONSO.MAESTRO (IDMAESTRO,NOMBRE_MAESTRO,APELLIDO_P_MAESTRO,APELLIDO_M_MAESTRO) values ('5','LORENA','AZUARA','PEREZ');
Insert into LEONARDO_ALONSO.MAESTRO (IDMAESTRO,NOMBRE_MAESTRO,APELLIDO_P_MAESTRO,APELLIDO_M_MAESTRO) values ('6','BEATRIZ EUGENIA','CORONA','RAMIREZ');
Insert into LEONARDO_ALONSO.MAESTRO (IDMAESTRO,NOMBRE_MAESTRO,APELLIDO_P_MAESTRO,APELLIDO_M_MAESTRO) values ('7','TERESA DE JESUS','MONROY','OSTRIA');
Insert into LEONARDO_ALONSO.MAESTRO (IDMAESTRO,NOMBRE_MAESTRO,APELLIDO_P_MAESTRO,APELLIDO_M_MAESTRO) values ('8','VERA','GONZALEZ','MEDINA');
Insert into LEONARDO_ALONSO.MAESTRO (IDMAESTRO,NOMBRE_MAESTRO,APELLIDO_P_MAESTRO,APELLIDO_M_MAESTRO) values ('9','JOSE JUAN','LEY','MANDUJANO');
Insert into LEONARDO_ALONSO.MAESTRO (IDMAESTRO,NOMBRE_MAESTRO,APELLIDO_P_MAESTRO,APELLIDO_M_MAESTRO) values ('10','JOSE LUIS','VILLAREAL','AGUIRRE');
REM INSERTING into LEONARDO_ALONSO.MATERIA
SET DEFINE OFF;
Insert into LEONARDO_ALONSO.MATERIA (IDMATERIA,NOMBRE_MATERIA) values ('1','FUNDAMENTOS DE PROGRMACION');
Insert into LEONARDO_ALONSO.MATERIA (IDMATERIA,NOMBRE_MATERIA) values ('2','CALCULO DIFERENCIAL');
Insert into LEONARDO_ALONSO.MATERIA (IDMATERIA,NOMBRE_MATERIA) values ('3','FUNDAMENTOS DE ALGEBRA');
Insert into LEONARDO_ALONSO.MATERIA (IDMATERIA,NOMBRE_MATERIA) values ('4','FISICA CLASICA');
Insert into LEONARDO_ALONSO.MATERIA (IDMATERIA,NOMBRE_MATERIA) values ('5','QUIMICA BASICA');
Insert into LEONARDO_ALONSO.MATERIA (IDMATERIA,NOMBRE_MATERIA) values ('6','HUMANIDADES 1');
Insert into LEONARDO_ALONSO.MATERIA (IDMATERIA,NOMBRE_MATERIA) values ('7','ALGEBRA LINEAL');
Insert into LEONARDO_ALONSO.MATERIA (IDMATERIA,NOMBRE_MATERIA) values ('8','CALCULO VECTORIAL');
Insert into LEONARDO_ALONSO.MATERIA (IDMATERIA,NOMBRE_MATERIA) values ('9','ELECTRICIDAD Y MAGNETISMO');
Insert into LEONARDO_ALONSO.MATERIA (IDMATERIA,NOMBRE_MATERIA) values ('10','MATEMATICAS DISCRETAS');
Insert into LEONARDO_ALONSO.MATERIA (IDMATERIA,NOMBRE_MATERIA) values ('11','PROGRAMACION ORIENTADA A OBJETOS');
Insert into LEONARDO_ALONSO.MATERIA (IDMATERIA,NOMBRE_MATERIA) values ('12','HUMANIDADES 2');
Insert into LEONARDO_ALONSO.MATERIA (IDMATERIA,NOMBRE_MATERIA) values ('13','ECUACIONES DIFERENCIALES');
Insert into LEONARDO_ALONSO.MATERIA (IDMATERIA,NOMBRE_MATERIA) values ('14','CIRCUITOS DE CA Y CD');
Insert into LEONARDO_ALONSO.MATERIA (IDMATERIA,NOMBRE_MATERIA) values ('15','CIRCUITOS LOGICOS 1');
Insert into LEONARDO_ALONSO.MATERIA (IDMATERIA,NOMBRE_MATERIA) values ('16','LENGUAJES DE BAJO NIVEL');
Insert into LEONARDO_ALONSO.MATERIA (IDMATERIA,NOMBRE_MATERIA) values ('17','ESTRUCTURAS DE DATOS');
Insert into LEONARDO_ALONSO.MATERIA (IDMATERIA,NOMBRE_MATERIA) values ('18','HUMANIDADES 3');
Insert into LEONARDO_ALONSO.MATERIA (IDMATERIA,NOMBRE_MATERIA) values ('19','ANALISIS NUMERICO');
Insert into LEONARDO_ALONSO.MATERIA (IDMATERIA,NOMBRE_MATERIA) values ('20','VARIABLE COMPLEJA Y ANALISIS DE FOURIER');
Insert into LEONARDO_ALONSO.MATERIA (IDMATERIA,NOMBRE_MATERIA) values ('21','CIRCUITOS LOGICOS 2');
Insert into LEONARDO_ALONSO.MATERIA (IDMATERIA,NOMBRE_MATERIA) values ('22','ELECTRONICA ANALOGICA');
Insert into LEONARDO_ALONSO.MATERIA (IDMATERIA,NOMBRE_MATERIA) values ('23','TEORIA DE AUTOMATAS');
Insert into LEONARDO_ALONSO.MATERIA (IDMATERIA,NOMBRE_MATERIA) values ('24','HUMANIDADES 4');
Insert into LEONARDO_ALONSO.MATERIA (IDMATERIA,NOMBRE_MATERIA) values ('25','ANALISIS DE ALGORITMOS');
Insert into LEONARDO_ALONSO.MATERIA (IDMATERIA,NOMBRE_MATERIA) values ('26','ANALISIS DE SEÑALES ANALOGICAS');
Insert into LEONARDO_ALONSO.MATERIA (IDMATERIA,NOMBRE_MATERIA) values ('27','COMPILADORES');
Insert into LEONARDO_ALONSO.MATERIA (IDMATERIA,NOMBRE_MATERIA) values ('28','ORGANIZACION DE COMPUTADORAS');
Insert into LEONARDO_ALONSO.MATERIA (IDMATERIA,NOMBRE_MATERIA) values ('29','PROBABILIDAD Y ESTADISTICA');
Insert into LEONARDO_ALONSO.MATERIA (IDMATERIA,NOMBRE_MATERIA) values ('30','HUMANIDADES 5');
Insert into LEONARDO_ALONSO.MATERIA (IDMATERIA,NOMBRE_MATERIA) values ('31','ARQUITECTURA DE COMPUTADORAS');
Insert into LEONARDO_ALONSO.MATERIA (IDMATERIA,NOMBRE_MATERIA) values ('32','INGENIERIA DE SOFTWARE');
Insert into LEONARDO_ALONSO.MATERIA (IDMATERIA,NOMBRE_MATERIA) values ('33','MTODOLOGIA DE LA INVSTIGACION');
Insert into LEONARDO_ALONSO.MATERIA (IDMATERIA,NOMBRE_MATERIA) values ('34','MODULACION DIGITAL');
Insert into LEONARDO_ALONSO.MATERIA (IDMATERIA,NOMBRE_MATERIA) values ('35','SISTEMAS OPERATIVOS');
Insert into LEONARDO_ALONSO.MATERIA (IDMATERIA,NOMBRE_MATERIA) values ('36','TEORIA DE CONTROL ANALOGICO');
Insert into LEONARDO_ALONSO.MATERIA (IDMATERIA,NOMBRE_MATERIA) values ('37','TEORIA DE INFORMACION Y CODIFICACION');
Insert into LEONARDO_ALONSO.MATERIA (IDMATERIA,NOMBRE_MATERIA) values ('38','TEORIA DE CONTROL DIGITAL');
Insert into LEONARDO_ALONSO.MATERIA (IDMATERIA,NOMBRE_MATERIA) values ('39','NUEVAS TECNOLOGIAS DE LA INFORMACION');
Insert into LEONARDO_ALONSO.MATERIA (IDMATERIA,NOMBRE_MATERIA) values ('40','BASES DE DATOS');
Insert into LEONARDO_ALONSO.MATERIA (IDMATERIA,NOMBRE_MATERIA) values ('41','ADMINISTRACION DE LA INGENIERIA');
Insert into LEONARDO_ALONSO.MATERIA (IDMATERIA,NOMBRE_MATERIA) values ('43','OPTATIVA 1');
REM INSERTING into LEONARDO_ALONSO.OPERACION
SET DEFINE OFF;
Insert into LEONARDO_ALONSO.OPERACION (IDOPERACION,NOMBRE_OPERACION) values ('1','UPLOAD');
Insert into LEONARDO_ALONSO.OPERACION (IDOPERACION,NOMBRE_OPERACION) values ('2','DOWNLOAD');
REM INSERTING into LEONARDO_ALONSO.PAGO
SET DEFINE OFF;
Insert into LEONARDO_ALONSO.PAGO (IDPAGO,NOMBRE_METODO) values ('1','DEBITO');
Insert into LEONARDO_ALONSO.PAGO (IDPAGO,NOMBRE_METODO) values ('2','CREDITO');
Insert into LEONARDO_ALONSO.PAGO (IDPAGO,NOMBRE_METODO) values ('3','PAYPAL');
Insert into LEONARDO_ALONSO.PAGO (IDPAGO,NOMBRE_METODO) values ('4','DEPOSITO');
REM INSERTING into LEONARDO_ALONSO.USUARIO
SET DEFINE OFF;
Insert into LEONARDO_ALONSO.USUARIO (IDUSUARIO,CORREO,PASSWORD) values ('1','leo@gmail.com','12345678');
Insert into LEONARDO_ALONSO.USUARIO (IDUSUARIO,CORREO,PASSWORD) values ('2','nayeli@gmail.com','12345678');
Insert into LEONARDO_ALONSO.USUARIO (IDUSUARIO,CORREO,PASSWORD) values ('3','cesar@gmail.com','12345678');
Insert into LEONARDO_ALONSO.USUARIO (IDUSUARIO,CORREO,PASSWORD) values ('4','edson@gmail.com','12345678');
Insert into LEONARDO_ALONSO.USUARIO (IDUSUARIO,CORREO,PASSWORD) values ('5','ale@gmail.com','12345678');
Insert into LEONARDO_ALONSO.USUARIO (IDUSUARIO,CORREO,PASSWORD) values ('6','jessi@hotmail.com','1234567');
--------------------------------------------------------
--  DDL for Index PK_ALUMNO_OPERACION
--------------------------------------------------------

  CREATE UNIQUE INDEX "LEONARDO_ALONSO"."PK_ALUMNO_OPERACION" ON "LEONARDO_ALONSO"."ALUMNO_OPERACION" ("ID_ALUMNO_OPERACION") 
  PCTFREE 10 INITRANS 2 MAXTRANS 255 COMPUTE STATISTICS 
  STORAGE(INITIAL 65536 NEXT 1048576 MINEXTENTS 1 MAXEXTENTS 2147483645
  PCTINCREASE 0 FREELISTS 1 FREELIST GROUPS 1 BUFFER_POOL DEFAULT FLASH_CACHE DEFAULT CELL_FLASH_CACHE DEFAULT)
  TABLESPACE "WORKS_CU" ;
--------------------------------------------------------
--  DDL for Index PK_ALUMNO
--------------------------------------------------------

  CREATE UNIQUE INDEX "LEONARDO_ALONSO"."PK_ALUMNO" ON "LEONARDO_ALONSO"."ALUMNO" ("IDALUMNO") 
  PCTFREE 10 INITRANS 2 MAXTRANS 255 COMPUTE STATISTICS 
  STORAGE(INITIAL 65536 NEXT 1048576 MINEXTENTS 1 MAXEXTENTS 2147483645
  PCTINCREASE 0 FREELISTS 1 FREELIST GROUPS 1 BUFFER_POOL DEFAULT FLASH_CACHE DEFAULT CELL_FLASH_CACHE DEFAULT)
  TABLESPACE "WORKS_CU" ;
--------------------------------------------------------
--  DDL for Index PK_MATERIA
--------------------------------------------------------

  CREATE UNIQUE INDEX "LEONARDO_ALONSO"."PK_MATERIA" ON "LEONARDO_ALONSO"."MATERIA" ("IDMATERIA") 
  PCTFREE 10 INITRANS 2 MAXTRANS 255 COMPUTE STATISTICS 
  STORAGE(INITIAL 65536 NEXT 1048576 MINEXTENTS 1 MAXEXTENTS 2147483645
  PCTINCREASE 0 FREELISTS 1 FREELIST GROUPS 1 BUFFER_POOL DEFAULT FLASH_CACHE DEFAULT CELL_FLASH_CACHE DEFAULT)
  TABLESPACE "WORKS_CU" ;
--------------------------------------------------------
--  DDL for Index PK_OPERACION
--------------------------------------------------------

  CREATE UNIQUE INDEX "LEONARDO_ALONSO"."PK_OPERACION" ON "LEONARDO_ALONSO"."OPERACION" ("IDOPERACION") 
  PCTFREE 10 INITRANS 2 MAXTRANS 255 COMPUTE STATISTICS 
  STORAGE(INITIAL 65536 NEXT 1048576 MINEXTENTS 1 MAXEXTENTS 2147483645
  PCTINCREASE 0 FREELISTS 1 FREELIST GROUPS 1 BUFFER_POOL DEFAULT FLASH_CACHE DEFAULT CELL_FLASH_CACHE DEFAULT)
  TABLESPACE "WORKS_CU" ;
--------------------------------------------------------
--  DDL for Index PK_ARCHIVO
--------------------------------------------------------

  CREATE UNIQUE INDEX "LEONARDO_ALONSO"."PK_ARCHIVO" ON "LEONARDO_ALONSO"."ARCHIVO" ("IDARCHIVO") 
  PCTFREE 10 INITRANS 2 MAXTRANS 255 COMPUTE STATISTICS 
  STORAGE(INITIAL 65536 NEXT 1048576 MINEXTENTS 1 MAXEXTENTS 2147483645
  PCTINCREASE 0 FREELISTS 1 FREELIST GROUPS 1 BUFFER_POOL DEFAULT FLASH_CACHE DEFAULT CELL_FLASH_CACHE DEFAULT)
  TABLESPACE "WORKS_CU" ;
--------------------------------------------------------
--  DDL for Index PK_PAGO
--------------------------------------------------------

  CREATE UNIQUE INDEX "LEONARDO_ALONSO"."PK_PAGO" ON "LEONARDO_ALONSO"."PAGO" ("IDPAGO") 
  PCTFREE 10 INITRANS 2 MAXTRANS 255 COMPUTE STATISTICS 
  STORAGE(INITIAL 65536 NEXT 1048576 MINEXTENTS 1 MAXEXTENTS 2147483645
  PCTINCREASE 0 FREELISTS 1 FREELIST GROUPS 1 BUFFER_POOL DEFAULT FLASH_CACHE DEFAULT CELL_FLASH_CACHE DEFAULT)
  TABLESPACE "WORKS_CU" ;
--------------------------------------------------------
--  DDL for Index PK_CLASE
--------------------------------------------------------

  CREATE UNIQUE INDEX "LEONARDO_ALONSO"."PK_CLASE" ON "LEONARDO_ALONSO"."CLASE" ("ID_CLASE") 
  PCTFREE 10 INITRANS 2 MAXTRANS 255 COMPUTE STATISTICS 
  STORAGE(INITIAL 65536 NEXT 1048576 MINEXTENTS 1 MAXEXTENTS 2147483645
  PCTINCREASE 0 FREELISTS 1 FREELIST GROUPS 1 BUFFER_POOL DEFAULT FLASH_CACHE DEFAULT CELL_FLASH_CACHE DEFAULT)
  TABLESPACE "WORKS_CU" ;
--------------------------------------------------------
--  DDL for Index PK_USER
--------------------------------------------------------

  CREATE UNIQUE INDEX "LEONARDO_ALONSO"."PK_USER" ON "LEONARDO_ALONSO"."USUARIO" ("IDUSUARIO") 
  PCTFREE 10 INITRANS 2 MAXTRANS 255 COMPUTE STATISTICS 
  STORAGE(INITIAL 65536 NEXT 1048576 MINEXTENTS 1 MAXEXTENTS 2147483645
  PCTINCREASE 0 FREELISTS 1 FREELIST GROUPS 1 BUFFER_POOL DEFAULT FLASH_CACHE DEFAULT CELL_FLASH_CACHE DEFAULT)
  TABLESPACE "WORKS_CU" ;
--------------------------------------------------------
--  DDL for Index PK_COBRO
--------------------------------------------------------

  CREATE UNIQUE INDEX "LEONARDO_ALONSO"."PK_COBRO" ON "LEONARDO_ALONSO"."COBRO" ("IDCOBRO") 
  PCTFREE 10 INITRANS 2 MAXTRANS 255 COMPUTE STATISTICS 
  STORAGE(INITIAL 65536 NEXT 1048576 MINEXTENTS 1 MAXEXTENTS 2147483645
  PCTINCREASE 0 FREELISTS 1 FREELIST GROUPS 1 BUFFER_POOL DEFAULT FLASH_CACHE DEFAULT CELL_FLASH_CACHE DEFAULT)
  TABLESPACE "WORKS_CU" ;
--------------------------------------------------------
--  DDL for Index PK_CARRERA
--------------------------------------------------------

  CREATE UNIQUE INDEX "LEONARDO_ALONSO"."PK_CARRERA" ON "LEONARDO_ALONSO"."CARRERA" ("IDCARRERA") 
  PCTFREE 10 INITRANS 2 MAXTRANS 255 COMPUTE STATISTICS 
  STORAGE(INITIAL 65536 NEXT 1048576 MINEXTENTS 1 MAXEXTENTS 2147483645
  PCTINCREASE 0 FREELISTS 1 FREELIST GROUPS 1 BUFFER_POOL DEFAULT FLASH_CACHE DEFAULT CELL_FLASH_CACHE DEFAULT)
  TABLESPACE "WORKS_CU" ;
--------------------------------------------------------
--  DDL for Index PK_MAESTRO
--------------------------------------------------------

  CREATE UNIQUE INDEX "LEONARDO_ALONSO"."PK_MAESTRO" ON "LEONARDO_ALONSO"."MAESTRO" ("IDMAESTRO") 
  PCTFREE 10 INITRANS 2 MAXTRANS 255 COMPUTE STATISTICS 
  STORAGE(INITIAL 65536 NEXT 1048576 MINEXTENTS 1 MAXEXTENTS 2147483645
  PCTINCREASE 0 FREELISTS 1 FREELIST GROUPS 1 BUFFER_POOL DEFAULT FLASH_CACHE DEFAULT CELL_FLASH_CACHE DEFAULT)
  TABLESPACE "WORKS_CU" ;
--------------------------------------------------------
--  DDL for Procedure GETUSERPASS
--------------------------------------------------------
set define off;

  CREATE OR REPLACE PROCEDURE "LEONARDO_ALONSO"."GETUSERPASS" (mail in out USUARIO.CORREO%TYPE, pass in USUARIO.PASSWORD%TYPE) as
begin
    SELECT USUARIO.CORREO INTO mail FROM USUARIO WHERE USUARIO.CORREO = mail AND USUARIO.PASSWORD = pass;
end GetUserPass;

/
--------------------------------------------------------
--  Constraints for Table CLASE
--------------------------------------------------------

  ALTER TABLE "LEONARDO_ALONSO"."CLASE" ADD CONSTRAINT "PK_CLASE" PRIMARY KEY ("ID_CLASE")
  USING INDEX PCTFREE 10 INITRANS 2 MAXTRANS 255 COMPUTE STATISTICS 
  STORAGE(INITIAL 65536 NEXT 1048576 MINEXTENTS 1 MAXEXTENTS 2147483645
  PCTINCREASE 0 FREELISTS 1 FREELIST GROUPS 1 BUFFER_POOL DEFAULT FLASH_CACHE DEFAULT CELL_FLASH_CACHE DEFAULT)
  TABLESPACE "WORKS_CU"  ENABLE;
--------------------------------------------------------
--  Constraints for Table COBRO
--------------------------------------------------------

  ALTER TABLE "LEONARDO_ALONSO"."COBRO" ADD CONSTRAINT "PK_COBRO" PRIMARY KEY ("IDCOBRO")
  USING INDEX PCTFREE 10 INITRANS 2 MAXTRANS 255 COMPUTE STATISTICS 
  STORAGE(INITIAL 65536 NEXT 1048576 MINEXTENTS 1 MAXEXTENTS 2147483645
  PCTINCREASE 0 FREELISTS 1 FREELIST GROUPS 1 BUFFER_POOL DEFAULT FLASH_CACHE DEFAULT CELL_FLASH_CACHE DEFAULT)
  TABLESPACE "WORKS_CU"  ENABLE;
  ALTER TABLE "LEONARDO_ALONSO"."COBRO" MODIFY ("NOMBRE_METODO" NOT NULL ENABLE);
--------------------------------------------------------
--  Constraints for Table USUARIO
--------------------------------------------------------

  ALTER TABLE "LEONARDO_ALONSO"."USUARIO" ADD CONSTRAINT "PK_USER" PRIMARY KEY ("IDUSUARIO")
  USING INDEX PCTFREE 10 INITRANS 2 MAXTRANS 255 COMPUTE STATISTICS 
  STORAGE(INITIAL 65536 NEXT 1048576 MINEXTENTS 1 MAXEXTENTS 2147483645
  PCTINCREASE 0 FREELISTS 1 FREELIST GROUPS 1 BUFFER_POOL DEFAULT FLASH_CACHE DEFAULT CELL_FLASH_CACHE DEFAULT)
  TABLESPACE "WORKS_CU"  ENABLE;
  ALTER TABLE "LEONARDO_ALONSO"."USUARIO" MODIFY ("PASSWORD" NOT NULL ENABLE);
  ALTER TABLE "LEONARDO_ALONSO"."USUARIO" MODIFY ("CORREO" NOT NULL ENABLE);
--------------------------------------------------------
--  Constraints for Table ARCHIVO
--------------------------------------------------------

  ALTER TABLE "LEONARDO_ALONSO"."ARCHIVO" ADD CONSTRAINT "PK_ARCHIVO" PRIMARY KEY ("IDARCHIVO")
  USING INDEX PCTFREE 10 INITRANS 2 MAXTRANS 255 COMPUTE STATISTICS 
  STORAGE(INITIAL 65536 NEXT 1048576 MINEXTENTS 1 MAXEXTENTS 2147483645
  PCTINCREASE 0 FREELISTS 1 FREELIST GROUPS 1 BUFFER_POOL DEFAULT FLASH_CACHE DEFAULT CELL_FLASH_CACHE DEFAULT)
  TABLESPACE "WORKS_CU"  ENABLE;
  ALTER TABLE "LEONARDO_ALONSO"."ARCHIVO" MODIFY ("CALIFICACION" NOT NULL ENABLE);
  ALTER TABLE "LEONARDO_ALONSO"."ARCHIVO" MODIFY ("COSTO" NOT NULL ENABLE);
  ALTER TABLE "LEONARDO_ALONSO"."ARCHIVO" MODIFY ("FORMATO_ARCHIVO" NOT NULL ENABLE);
  ALTER TABLE "LEONARDO_ALONSO"."ARCHIVO" MODIFY ("NOMBRE_ARCHIVO" NOT NULL ENABLE);
--------------------------------------------------------
--  Constraints for Table MATERIA
--------------------------------------------------------

  ALTER TABLE "LEONARDO_ALONSO"."MATERIA" ADD CONSTRAINT "PK_MATERIA" PRIMARY KEY ("IDMATERIA")
  USING INDEX PCTFREE 10 INITRANS 2 MAXTRANS 255 COMPUTE STATISTICS 
  STORAGE(INITIAL 65536 NEXT 1048576 MINEXTENTS 1 MAXEXTENTS 2147483645
  PCTINCREASE 0 FREELISTS 1 FREELIST GROUPS 1 BUFFER_POOL DEFAULT FLASH_CACHE DEFAULT CELL_FLASH_CACHE DEFAULT)
  TABLESPACE "WORKS_CU"  ENABLE;
--------------------------------------------------------
--  Constraints for Table OPERACION
--------------------------------------------------------

  ALTER TABLE "LEONARDO_ALONSO"."OPERACION" ADD CONSTRAINT "PK_OPERACION" PRIMARY KEY ("IDOPERACION")
  USING INDEX PCTFREE 10 INITRANS 2 MAXTRANS 255 COMPUTE STATISTICS 
  STORAGE(INITIAL 65536 NEXT 1048576 MINEXTENTS 1 MAXEXTENTS 2147483645
  PCTINCREASE 0 FREELISTS 1 FREELIST GROUPS 1 BUFFER_POOL DEFAULT FLASH_CACHE DEFAULT CELL_FLASH_CACHE DEFAULT)
  TABLESPACE "WORKS_CU"  ENABLE;
--------------------------------------------------------
--  Constraints for Table PAGO
--------------------------------------------------------

  ALTER TABLE "LEONARDO_ALONSO"."PAGO" ADD CONSTRAINT "PK_PAGO" PRIMARY KEY ("IDPAGO")
  USING INDEX PCTFREE 10 INITRANS 2 MAXTRANS 255 COMPUTE STATISTICS 
  STORAGE(INITIAL 65536 NEXT 1048576 MINEXTENTS 1 MAXEXTENTS 2147483645
  PCTINCREASE 0 FREELISTS 1 FREELIST GROUPS 1 BUFFER_POOL DEFAULT FLASH_CACHE DEFAULT CELL_FLASH_CACHE DEFAULT)
  TABLESPACE "WORKS_CU"  ENABLE;
  ALTER TABLE "LEONARDO_ALONSO"."PAGO" MODIFY ("NOMBRE_METODO" NOT NULL ENABLE);
--------------------------------------------------------
--  Constraints for Table ALUMNO
--------------------------------------------------------

  ALTER TABLE "LEONARDO_ALONSO"."ALUMNO" ADD CONSTRAINT "PK_ALUMNO" PRIMARY KEY ("IDALUMNO")
  USING INDEX PCTFREE 10 INITRANS 2 MAXTRANS 255 COMPUTE STATISTICS 
  STORAGE(INITIAL 65536 NEXT 1048576 MINEXTENTS 1 MAXEXTENTS 2147483645
  PCTINCREASE 0 FREELISTS 1 FREELIST GROUPS 1 BUFFER_POOL DEFAULT FLASH_CACHE DEFAULT CELL_FLASH_CACHE DEFAULT)
  TABLESPACE "WORKS_CU"  ENABLE;
  ALTER TABLE "LEONARDO_ALONSO"."ALUMNO" MODIFY ("PROMEDIO" NOT NULL ENABLE);
  ALTER TABLE "LEONARDO_ALONSO"."ALUMNO" MODIFY ("SEMESTRE" NOT NULL ENABLE);
  ALTER TABLE "LEONARDO_ALONSO"."ALUMNO" MODIFY ("APELLIDO_P_ALUMNO" NOT NULL ENABLE);
  ALTER TABLE "LEONARDO_ALONSO"."ALUMNO" MODIFY ("NOMBRE_ALUMNO" NOT NULL ENABLE);
--------------------------------------------------------
--  Constraints for Table MAESTRO
--------------------------------------------------------

  ALTER TABLE "LEONARDO_ALONSO"."MAESTRO" ADD CONSTRAINT "PK_MAESTRO" PRIMARY KEY ("IDMAESTRO")
  USING INDEX PCTFREE 10 INITRANS 2 MAXTRANS 255 COMPUTE STATISTICS 
  STORAGE(INITIAL 65536 NEXT 1048576 MINEXTENTS 1 MAXEXTENTS 2147483645
  PCTINCREASE 0 FREELISTS 1 FREELIST GROUPS 1 BUFFER_POOL DEFAULT FLASH_CACHE DEFAULT CELL_FLASH_CACHE DEFAULT)
  TABLESPACE "WORKS_CU"  ENABLE;
--------------------------------------------------------
--  Constraints for Table CARRERA
--------------------------------------------------------

  ALTER TABLE "LEONARDO_ALONSO"."CARRERA" ADD CONSTRAINT "PK_CARRERA" PRIMARY KEY ("IDCARRERA")
  USING INDEX PCTFREE 10 INITRANS 2 MAXTRANS 255 COMPUTE STATISTICS 
  STORAGE(INITIAL 65536 NEXT 1048576 MINEXTENTS 1 MAXEXTENTS 2147483645
  PCTINCREASE 0 FREELISTS 1 FREELIST GROUPS 1 BUFFER_POOL DEFAULT FLASH_CACHE DEFAULT CELL_FLASH_CACHE DEFAULT)
  TABLESPACE "WORKS_CU"  ENABLE;
  ALTER TABLE "LEONARDO_ALONSO"."CARRERA" MODIFY ("NOMBRE_CARRERA" NOT NULL ENABLE);
--------------------------------------------------------
--  Constraints for Table ALUMNO_OPERACION
--------------------------------------------------------

  ALTER TABLE "LEONARDO_ALONSO"."ALUMNO_OPERACION" ADD CONSTRAINT "PK_ALUMNO_OPERACION" PRIMARY KEY ("ID_ALUMNO_OPERACION")
  USING INDEX PCTFREE 10 INITRANS 2 MAXTRANS 255 COMPUTE STATISTICS 
  STORAGE(INITIAL 65536 NEXT 1048576 MINEXTENTS 1 MAXEXTENTS 2147483645
  PCTINCREASE 0 FREELISTS 1 FREELIST GROUPS 1 BUFFER_POOL DEFAULT FLASH_CACHE DEFAULT CELL_FLASH_CACHE DEFAULT)
  TABLESPACE "WORKS_CU"  ENABLE;
--------------------------------------------------------
--  Ref Constraints for Table ALUMNO
--------------------------------------------------------

  ALTER TABLE "LEONARDO_ALONSO"."ALUMNO" ADD CONSTRAINT "FK_CARRERA" FOREIGN KEY ("CARRERA_IDCARRERA")
	  REFERENCES "LEONARDO_ALONSO"."CARRERA" ("IDCARRERA") ENABLE;
  ALTER TABLE "LEONARDO_ALONSO"."ALUMNO" ADD CONSTRAINT "FK_COBRO" FOREIGN KEY ("COBRO_IDCOBRO")
	  REFERENCES "LEONARDO_ALONSO"."COBRO" ("IDCOBRO") ENABLE;
  ALTER TABLE "LEONARDO_ALONSO"."ALUMNO" ADD CONSTRAINT "FK_PAGO" FOREIGN KEY ("PAGO_IDPAGO")
	  REFERENCES "LEONARDO_ALONSO"."PAGO" ("IDPAGO") ENABLE;
  ALTER TABLE "LEONARDO_ALONSO"."ALUMNO" ADD CONSTRAINT "FK_USUARIO" FOREIGN KEY ("USUARIO_IDUSUARIO")
	  REFERENCES "LEONARDO_ALONSO"."USUARIO" ("IDUSUARIO") ENABLE;
--------------------------------------------------------
--  Ref Constraints for Table ALUMNO_OPERACION
--------------------------------------------------------

  ALTER TABLE "LEONARDO_ALONSO"."ALUMNO_OPERACION" ADD CONSTRAINT "FK_ALUMNO" FOREIGN KEY ("ALUMNO_IDALUMNO")
	  REFERENCES "LEONARDO_ALONSO"."ALUMNO" ("IDALUMNO") ENABLE;
  ALTER TABLE "LEONARDO_ALONSO"."ALUMNO_OPERACION" ADD CONSTRAINT "FK_OPERACION" FOREIGN KEY ("OPERACION_IDOPERACION")
	  REFERENCES "LEONARDO_ALONSO"."OPERACION" ("IDOPERACION") ENABLE;
  ALTER TABLE "LEONARDO_ALONSO"."ALUMNO_OPERACION" ADD CONSTRAINT "FK_OPERACION_ARCHIVO" FOREIGN KEY ("ARCHIVO_IDARCHIVO")
	  REFERENCES "LEONARDO_ALONSO"."ARCHIVO" ("IDARCHIVO") ENABLE;
--------------------------------------------------------
--  Ref Constraints for Table ARCHIVO
--------------------------------------------------------

  ALTER TABLE "LEONARDO_ALONSO"."ARCHIVO" ADD CONSTRAINT "FK_ALUMNO_ARCHIVO" FOREIGN KEY ("ALUMNO_IDALUMNO")
	  REFERENCES "LEONARDO_ALONSO"."ALUMNO" ("IDALUMNO") ENABLE;
  ALTER TABLE "LEONARDO_ALONSO"."ARCHIVO" ADD CONSTRAINT "FK_CLASE" FOREIGN KEY ("CLASE_IDCLASE")
	  REFERENCES "LEONARDO_ALONSO"."CLASE" ("ID_CLASE") ENABLE;
--------------------------------------------------------
--  Ref Constraints for Table CLASE
--------------------------------------------------------

  ALTER TABLE "LEONARDO_ALONSO"."CLASE" ADD CONSTRAINT "FK_CARRERA_CLASE" FOREIGN KEY ("CARRERA_IDCARRERA")
	  REFERENCES "LEONARDO_ALONSO"."CARRERA" ("IDCARRERA") ENABLE;
  ALTER TABLE "LEONARDO_ALONSO"."CLASE" ADD CONSTRAINT "FK_MAESTRO" FOREIGN KEY ("MAESTRO_IDMAESTRO")
	  REFERENCES "LEONARDO_ALONSO"."MAESTRO" ("IDMAESTRO") ENABLE;
  ALTER TABLE "LEONARDO_ALONSO"."CLASE" ADD CONSTRAINT "FK_MATERIA" FOREIGN KEY ("MATERIA_IDMATERIA")
	  REFERENCES "LEONARDO_ALONSO"."MATERIA" ("IDMATERIA") ENABLE;
